[
    { "provinceName": "安徽省", "provinceEnglishName": "Anhui", "province_zipCode": "340000", "cityName": "合肥", "cityEnglishName": "Hefei", "city_zipCode": "340100" },
    { "provinceName": "安徽省", "provinceEnglishName": "Anhui", "province_zipCode": "340000", "cityName": "阜阳", "cityEnglishName": "Fuyang", "city_zipCode": "341200" },
    { "provinceName": "安徽省", "provinceEnglishName": "Anhui", "province_zipCode": "340000", "cityName": "蚌埠", "cityEnglishName": "Bengbu", "city_zipCode": "340300" },
    { "provinceName": "安徽省", "provinceEnglishName": "Anhui", "province_zipCode": "340000", "cityName": "六安", "cityEnglishName": "Lu'an", "city_zipCode": "341500" },
    { "provinceName": "安徽省", "provinceEnglishName": "Anhui", "province_zipCode": "340000", "cityName": "亳州", "cityEnglishName": "Bozhou", "city_zipCode": "341600" },
    { "provinceName": "安徽省", "provinceEnglishName": "Anhui", "province_zipCode": "340000", "cityName": "马鞍山", "cityEnglishName": "Ma'anshan", "city_zipCode": "340500" },
    { "provinceName": "安徽省", "provinceEnglishName": "Anhui", "province_zipCode": "340000", "cityName": "安庆", "cityEnglishName": "Anqing", "city_zipCode": "340800" },
    { "provinceName": "安徽省", "provinceEnglishName": "Anhui", "province_zipCode": "340000", "cityName": "宿州", "cityEnglishName": "Suzhou", "city_zipCode": "341300" },
    { "provinceName": "安徽省", "provinceEnglishName": "Anhui", "province_zipCode": "340000", "cityName": "淮南", "cityEnglishName": "Huainan", "city_zipCode": "340400" },
    { "provinceName": "安徽省", "provinceEnglishName": "Anhui", "province_zipCode": "340000", "cityName": "铜陵", "cityEnglishName": "Tongling", "city_zipCode": "340700" },
    { "provinceName": "安徽省", "provinceEnglishName": "Anhui", "province_zipCode": "340000", "cityName": "淮北", "cityEnglishName": "Huaibei", "city_zipCode": "340600" },
    { "provinceName": "安徽省", "provinceEnglishName": "Anhui", "province_zipCode": "340000", "cityName": "芜湖", "cityEnglishName": "Wuhu", "city_zipCode": "340200" },
    { "provinceName": "安徽省", "provinceEnglishName": "Anhui", "province_zipCode": "340000", "cityName": "池州", "cityEnglishName": "Chizhou", "city_zipCode": "341700" },
    { "provinceName": "安徽省", "provinceEnglishName": "Anhui", "province_zipCode": "340000", "cityName": "滁州", "cityEnglishName": "Chuzhou", "city_zipCode": "341100" },
    { "provinceName": "安徽省", "provinceEnglishName": "Anhui", "province_zipCode": "340000", "cityName": "黄山", "cityEnglishName": "Huangshan", "city_zipCode": "341000" },
    { "provinceName": "安徽省", "provinceEnglishName": "Anhui", "province_zipCode": "340000", "cityName": "宣城", "cityEnglishName": "Xuancheng", "city_zipCode": "341800" },
    { "provinceName": "北京市", "provinceEnglishName": "Beijing", "province_zipCode": "110000", "cityName": "海淀区", "cityEnglishName": "Haidian District", "city_zipCode": "110108" },
    { "provinceName": "北京市", "provinceEnglishName": "Beijing", "province_zipCode": "110000", "cityName": "朝阳区", "cityEnglishName": "Chaoyang District", "city_zipCode": "110105" },
    { "provinceName": "北京市", "provinceEnglishName": "Beijing", "province_zipCode": "110000", "cityName": "西城区", "cityEnglishName": "Xicheng District", "city_zipCode": "110102" },
    { "provinceName": "北京市", "provinceEnglishName": "Beijing", "province_zipCode": "110000", "cityName": "丰台区", "cityEnglishName": "Fengtai District", "city_zipCode": "110106" },
    { "provinceName": "北京市", "provinceEnglishName": "Beijing", "province_zipCode": "110000", "cityName": "大兴区", "cityEnglishName": "Daxing District", "city_zipCode": "110115" },
    { "provinceName": "北京市", "provinceEnglishName": "Beijing", "province_zipCode": "110000", "cityName": "昌平区", "cityEnglishName": "Changping District", "city_zipCode": "110114" },
    { "provinceName": "北京市", "provinceEnglishName": "Beijing", "province_zipCode": "110000", "cityName": "外地来京人员", "cityEnglishName": "People from other cities", "city_zipCode": "-1" },
    { "provinceName": "北京市", "provinceEnglishName": "Beijing", "province_zipCode": "110000", "cityName": "通州区", "cityEnglishName": "Tongzhou District", "city_zipCode": "110112" },
    { "provinceName": "北京市", "provinceEnglishName": "Beijing", "province_zipCode": "110000", "cityName": "房山区", "cityEnglishName": "Fangshan District", "city_zipCode": "110111" },
    { "provinceName": "北京市", "provinceEnglishName": "Beijing", "province_zipCode": "110000", "cityName": "石景山区", "cityEnglishName": "Shijingshan District", "city_zipCode": "110107" },
    { "provinceName": "北京市", "provinceEnglishName": "Beijing", "province_zipCode": "110000", "cityName": "东城区", "cityEnglishName": "Dongcheng District", "city_zipCode": "110101" },
    { "provinceName": "北京市", "provinceEnglishName": "Beijing", "province_zipCode": "110000", "cityName": "顺义区", "cityEnglishName": "Shunyi District", "city_zipCode": "110113" },
    { "provinceName": "北京市", "provinceEnglishName": "Beijing", "province_zipCode": "110000", "cityName": "怀柔区", "cityEnglishName": "Huairou District", "city_zipCode": "110116" },
    { "provinceName": "北京市", "provinceEnglishName": "Beijing", "province_zipCode": "110000", "cityName": "密云区", "cityEnglishName": "Miyun District", "city_zipCode": "110118" },
    { "provinceName": "北京市", "provinceEnglishName": "Beijing", "province_zipCode": "110000", "cityName": "门头沟区", "cityEnglishName": "Mentougou District", "city_zipCode": "110109" },
    { "provinceName": "北京市", "provinceEnglishName": "Beijing", "province_zipCode": "110000", "cityName": "延庆区", "cityEnglishName": "Yanqing District", "city_zipCode": "110119" },
    { "provinceName": "北京市", "provinceEnglishName": "Beijing", "province_zipCode": "110000", "cityName": "待明确地区", "cityEnglishName": "Area not defined", "city_zipCode": "0" },
    { "provinceName": "福建省", "provinceEnglishName": "Fujian", "province_zipCode": "350000", "cityName": "莆田", "cityEnglishName": "Putian", "city_zipCode": "350300" },
    { "provinceName": "福建省", "provinceEnglishName": "Fujian", "province_zipCode": "350000", "cityName": "泉州", "cityEnglishName": "Quanzhou", "city_zipCode": "350500" },
    { "provinceName": "福建省", "provinceEnglishName": "Fujian", "province_zipCode": "350000", "cityName": "福州", "cityEnglishName": "Fuzhou", "city_zipCode": "350100" },
    { "provinceName": "福建省", "provinceEnglishName": "Fujian", "province_zipCode": "350000", "cityName": "厦门", "cityEnglishName": "Xiamen", "city_zipCode": "350200" },
    { "provinceName": "福建省", "provinceEnglishName": "Fujian", "province_zipCode": "350000", "cityName": "南平", "cityEnglishName": "Nanping", "city_zipCode": "350700" },
    { "provinceName": "福建省", "provinceEnglishName": "Fujian", "province_zipCode": "350000", "cityName": "宁德", "cityEnglishName": "Ningde", "city_zipCode": "350900" },
    { "provinceName": "福建省", "provinceEnglishName": "Fujian", "province_zipCode": "350000", "cityName": "漳州", "cityEnglishName": "Zhangzhou", "city_zipCode": "350600" },
    { "provinceName": "福建省", "provinceEnglishName": "Fujian", "province_zipCode": "350000", "cityName": "三明", "cityEnglishName": "Sanming", "city_zipCode": "350400" },
    { "provinceName": "福建省", "provinceEnglishName": "Fujian", "province_zipCode": "350000", "cityName": "龙岩", "cityEnglishName": "Longyan", "city_zipCode": "350800" },
    { "provinceName": "甘肃省", "provinceEnglishName": "Gansu", "province_zipCode": "620000", "cityName": "兰州", "cityEnglishName": "Lanzhou", "city_zipCode": "620100" },
    { "provinceName": "甘肃省", "provinceEnglishName": "Gansu", "province_zipCode": "620000", "cityName": "平凉", "cityEnglishName": "Pingliang", "city_zipCode": "620800" },
    { "provinceName": "甘肃省", "provinceEnglishName": "Gansu", "province_zipCode": "620000", "cityName": "定西", "cityEnglishName": "Dingxi", "city_zipCode": "621100" },
    { "provinceName": "甘肃省", "provinceEnglishName": "Gansu", "province_zipCode": "620000", "cityName": "白银", "cityEnglishName": "Baiyin", "city_zipCode": "620400" },
    { "provinceName": "甘肃省", "provinceEnglishName": "Gansu", "province_zipCode": "620000", "cityName": "庆阳", "cityEnglishName": "Qingyang", "city_zipCode": "621000" },
    { "provinceName": "甘肃省", "provinceEnglishName": "Gansu", "province_zipCode": "620000", "cityName": "天水", "cityEnglishName": "Tianshui", "city_zipCode": "620500" },
    { "provinceName": "甘肃省", "provinceEnglishName": "Gansu", "province_zipCode": "620000", "cityName": "甘南", "cityEnglishName": "Gannan", "city_zipCode": "623000" },
    { "provinceName": "甘肃省", "provinceEnglishName": "Gansu", "province_zipCode": "620000", "cityName": "陇南", "cityEnglishName": "Longnan", "city_zipCode": "621200" },
    { "provinceName": "甘肃省", "provinceEnglishName": "Gansu", "province_zipCode": "620000", "cityName": "临夏", "cityEnglishName": "Linxia", "city_zipCode": "622900" },
    { "provinceName": "甘肃省", "provinceEnglishName": "Gansu", "province_zipCode": "620000", "cityName": "张掖", "cityEnglishName": "Zhangye", "city_zipCode": "620700" },
    { "provinceName": "甘肃省", "provinceEnglishName": "Gansu", "province_zipCode": "620000", "cityName": "金昌", "cityEnglishName": "Jinchang", "city_zipCode": "620300" },
    { "provinceName": "广东省", "provinceEnglishName": "Guangdong", "province_zipCode": "440000", "cityName": "深圳", "cityEnglishName": "Shenzhen", "city_zipCode": "440300" },
    { "provinceName": "广东省", "provinceEnglishName": "Guangdong", "province_zipCode": "440000", "cityName": "广州", "cityEnglishName": "Guangzhou", "city_zipCode": "440100" },
    { "provinceName": "广东省", "provinceEnglishName": "Guangdong", "province_zipCode": "440000", "cityName": "东莞", "cityEnglishName": "Dongguan", "city_zipCode": "441900" },
    { "provinceName": "广东省", "provinceEnglishName": "Guangdong", "province_zipCode": "440000", "cityName": "佛山", "cityEnglishName": "Foshan", "city_zipCode": "440600" },
    { "provinceName": "广东省", "provinceEnglishName": "Guangdong", "province_zipCode": "440000", "cityName": "珠海", "cityEnglishName": "Zhuhai", "city_zipCode": "440400" },
    { "provinceName": "广东省", "provinceEnglishName": "Guangdong", "province_zipCode": "440000", "cityName": "中山", "cityEnglishName": "Zhongshan", "city_zipCode": "442000" },
    { "provinceName": "广东省", "provinceEnglishName": "Guangdong", "province_zipCode": "440000", "cityName": "惠州", "cityEnglishName": "Huizhou", "city_zipCode": "441300" },
    { "provinceName": "广东省", "provinceEnglishName": "Guangdong", "province_zipCode": "440000", "cityName": "江门", "cityEnglishName": "Jiangmen", "city_zipCode": "440700" },
    { "provinceName": "广东省", "provinceEnglishName": "Guangdong", "province_zipCode": "440000", "cityName": "湛江", "cityEnglishName": "Zhanjiang", "city_zipCode": "440800" },
    { "provinceName": "广东省", "provinceEnglishName": "Guangdong", "province_zipCode": "440000", "cityName": "肇庆", "cityEnglishName": "Zhaoqing", "city_zipCode": "441200" },
    { "provinceName": "广东省", "provinceEnglishName": "Guangdong", "province_zipCode": "440000", "cityName": "茂名", "cityEnglishName": "Maoming", "city_zipCode": "440900" },
    { "provinceName": "广东省", "provinceEnglishName": "Guangdong", "province_zipCode": "440000", "cityName": "梅州", "cityEnglishName": "Meizhou", "city_zipCode": "441400" },
    { "provinceName": "广东省", "provinceEnglishName": "Guangdong", "province_zipCode": "440000", "cityName": "汕头", "cityEnglishName": "Shantou", "city_zipCode": "440500" },
    { "provinceName": "广东省", "provinceEnglishName": "Guangdong", "province_zipCode": "440000", "cityName": "阳江", "cityEnglishName": "Yangjiang", "city_zipCode": "441700" },
    { "provinceName": "广东省", "provinceEnglishName": "Guangdong", "province_zipCode": "440000", "cityName": "韶关", "cityEnglishName": "Shaoguan", "city_zipCode": "440200" },
    { "provinceName": "广东省", "provinceEnglishName": "Guangdong", "province_zipCode": "440000", "cityName": "揭阳", "cityEnglishName": "Jieyang", "city_zipCode": "445200" },
    { "provinceName": "广东省", "provinceEnglishName": "Guangdong", "province_zipCode": "440000", "cityName": "河源", "cityEnglishName": "Heyuan", "city_zipCode": "441600" },
    { "provinceName": "广东省", "provinceEnglishName": "Guangdong", "province_zipCode": "440000", "cityName": "汕尾", "cityEnglishName": "Shanwei", "city_zipCode": "441500" },
    { "provinceName": "广东省", "provinceEnglishName": "Guangdong", "province_zipCode": "440000", "cityName": "潮州", "cityEnglishName": "Chaozhou", "city_zipCode": "445100" },
    { "provinceName": "广东省", "provinceEnglishName": "Guangdong", "province_zipCode": "440000", "cityName": "清远", "cityEnglishName": "Qingyuan", "city_zipCode": "441800" },
    { "provinceName": "广西壮族自治区", "provinceEnglishName": "Guangxi", "province_zipCode": "450000", "cityName": "河池", "cityEnglishName": "Hechi", "city_zipCode": "451200" },
    { "provinceName": "广西壮族自治区", "provinceEnglishName": "Guangxi", "province_zipCode": "450000", "cityName": "南宁", "cityEnglishName": "Nanning", "city_zipCode": "450100" },
    { "provinceName": "广西壮族自治区", "provinceEnglishName": "Guangxi", "province_zipCode": "450000", "cityName": "北海", "cityEnglishName": "Beihai", "city_zipCode": "450500" },
    { "provinceName": "广西壮族自治区", "provinceEnglishName": "Guangxi", "province_zipCode": "450000", "cityName": "柳州", "cityEnglishName": "Liuzhou", "city_zipCode": "450200" },
    { "provinceName": "广西壮族自治区", "provinceEnglishName": "Guangxi", "province_zipCode": "450000", "cityName": "防城港", "cityEnglishName": "Fangchenggang", "city_zipCode": "450600" },
    { "provinceName": "广西壮族自治区", "provinceEnglishName": "Guangxi", "province_zipCode": "450000", "cityName": "来宾", "cityEnglishName": "Laibin", "city_zipCode": "451300" },
    { "provinceName": "广西壮族自治区", "provinceEnglishName": "Guangxi", "province_zipCode": "450000", "cityName": "桂林", "cityEnglishName": "Guilin", "city_zipCode": "450300" },
    { "provinceName": "广西壮族自治区", "provinceEnglishName": "Guangxi", "province_zipCode": "450000", "cityName": "玉林", "cityEnglishName": "Yulin", "city_zipCode": "450900" },
    { "provinceName": "广西壮族自治区", "provinceEnglishName": "Guangxi", "province_zipCode": "450000", "cityName": "贵港", "cityEnglishName": "Guigang", "city_zipCode": "450800" },
    { "provinceName": "广西壮族自治区", "provinceEnglishName": "Guangxi", "province_zipCode": "450000", "cityName": "钦州", "cityEnglishName": "Qinzhou", "city_zipCode": "450700" },
    { "provinceName": "广西壮族自治区", "provinceEnglishName": "Guangxi", "province_zipCode": "450000", "cityName": "梧州", "cityEnglishName": "Wuzhou", "city_zipCode": "450400" },
    { "provinceName": "广西壮族自治区", "provinceEnglishName": "Guangxi", "province_zipCode": "450000", "cityName": "贺州", "cityEnglishName": "Hezhou", "city_zipCode": "451100" },
    { "provinceName": "广西壮族自治区", "provinceEnglishName": "Guangxi", "province_zipCode": "450000", "cityName": "百色", "cityEnglishName": "Baise", "city_zipCode": "451000" },
    { "provinceName": "贵州省", "provinceEnglishName": "Guizhou", "province_zipCode": "520000", "cityName": "遵义", "cityEnglishName": "Zunyi", "city_zipCode": "520300" },
    { "provinceName": "贵州省", "provinceEnglishName": "Guizhou", "province_zipCode": "520000", "cityName": "贵阳", "cityEnglishName": "Guiyang", "city_zipCode": "520100" },
    { "provinceName": "贵州省", "provinceEnglishName": "Guizhou", "province_zipCode": "520000", "cityName": "毕节", "cityEnglishName": "Bijie", "city_zipCode": "520500" },
    { "provinceName": "贵州省", "provinceEnglishName": "Guizhou", "province_zipCode": "520000", "cityName": "黔南州", "cityEnglishName": "Qiannan", "city_zipCode": "522700" },
    { "provinceName": "贵州省", "provinceEnglishName": "Guizhou", "province_zipCode": "520000", "cityName": "六盘水", "cityEnglishName": "Liupanshui", "city_zipCode": "520200" },
    { "provinceName": "贵州省", "provinceEnglishName": "Guizhou", "province_zipCode": "520000", "cityName": "安顺", "cityEnglishName": "Anshun", "city_zipCode": "520400" },
    { "provinceName": "贵州省", "provinceEnglishName": "Guizhou", "province_zipCode": "520000", "cityName": "铜仁", "cityEnglishName": "Tongren", "city_zipCode": "520600" },
    { "provinceName": "贵州省", "provinceEnglishName": "Guizhou", "province_zipCode": "520000", "cityName": "黔东南州", "cityEnglishName": "Qiandongnan", "city_zipCode": "522600" },
    { "provinceName": "贵州省", "provinceEnglishName": "Guizhou", "province_zipCode": "520000", "cityName": "黔西南州", "cityEnglishName": "Qianxinan", "city_zipCode": "522300" },
    { "provinceName": "海南省", "provinceEnglishName": "Hainan", "province_zipCode": "460000", "cityName": "三亚", "cityEnglishName": "Sanya", "city_zipCode": "460200" },
    { "provinceName": "海南省", "provinceEnglishName": "Hainan", "province_zipCode": "460000", "cityName": "海口", "cityEnglishName": "Haikou", "city_zipCode": "460100" },
    { "provinceName": "海南省", "provinceEnglishName": "Hainan", "province_zipCode": "460000", "cityName": "昌江", "cityEnglishName": "Changjiang Li Autonomous County", "city_zipCode": "469026" },
    { "provinceName": "海南省", "provinceEnglishName": "Hainan", "province_zipCode": "460000", "cityName": "儋州", "cityEnglishName": "Danzhou", "city_zipCode": "460400" },
    { "provinceName": "海南省", "provinceEnglishName": "Hainan", "province_zipCode": "460000", "cityName": "万宁", "cityEnglishName": "Wanning", "city_zipCode": "469006" },
    { "provinceName": "海南省", "provinceEnglishName": "Hainan", "province_zipCode": "460000", "cityName": "澄迈", "cityEnglishName": "Chengmai County", "city_zipCode": "469023" },
    { "provinceName": "海南省", "provinceEnglishName": "Hainan", "province_zipCode": "460000", "cityName": "保亭", "cityEnglishName": "Baoting Li and Miao Autonomous County", "city_zipCode": "469029" },
    { "provinceName": "海南省", "provinceEnglishName": "Hainan", "province_zipCode": "460000", "cityName": "琼海", "cityEnglishName": "Qionghai", "city_zipCode": "469002" },
    { "provinceName": "海南省", "provinceEnglishName": "Hainan", "province_zipCode": "460000", "cityName": "临高", "cityEnglishName": "Lingao County", "city_zipCode": "469024" },
    { "provinceName": "海南省", "provinceEnglishName": "Hainan", "province_zipCode": "460000", "cityName": "东方", "cityEnglishName": "Dongfang", "city_zipCode": "469007" },
    { "provinceName": "海南省", "provinceEnglishName": "Hainan", "province_zipCode": "460000", "cityName": "陵水", "cityEnglishName": "Lingshui Li Autonomous County", "city_zipCode": "469028" },
    { "provinceName": "海南省", "provinceEnglishName": "Hainan", "province_zipCode": "460000", "cityName": "定安", "cityEnglishName": "Ding'an County", "city_zipCode": "469021" },
    { "provinceName": "海南省", "provinceEnglishName": "Hainan", "province_zipCode": "460000", "cityName": "文昌", "cityEnglishName": "Wenchang", "city_zipCode": "469005" },
    { "provinceName": "海南省", "provinceEnglishName": "Hainan", "province_zipCode": "460000", "cityName": "乐东", "cityEnglishName": "Ledong Li Autonomous County", "city_zipCode": "469027" },
    { "provinceName": "海南省", "provinceEnglishName": "Hainan", "province_zipCode": "460000", "cityName": "琼中", "cityEnglishName": "Qiongzhong Li and Miao Autonomous County", "city_zipCode": "469030" },
    { "provinceName": "河北省", "provinceEnglishName": "Hebei", "province_zipCode": "130000", "cityName": "唐山", "cityEnglishName": "Tangshan", "city_zipCode": "130200" },
    { "provinceName": "河北省", "provinceEnglishName": "Hebei", "province_zipCode": "130000", "cityName": "沧州", "cityEnglishName": "Cangzhou", "city_zipCode": "130900" },
    { "provinceName": "河北省", "provinceEnglishName": "Hebei", "province_zipCode": "130000", "cityName": "石家庄", "cityEnglishName": "Shijiazhuang", "city_zipCode": "130100" },
    { "provinceName": "河北省", "provinceEnglishName": "Hebei", "province_zipCode": "130000", "cityName": "邯郸", "cityEnglishName": "Handan", "city_zipCode": "130400" },
    { "provinceName": "河北省", "provinceEnglishName": "Hebei", "province_zipCode": "130000", "cityName": "张家口", "cityEnglishName": "Zhangjiakou", "city_zipCode": "130700" },
    { "provinceName": "河北省", "provinceEnglishName": "Hebei", "province_zipCode": "130000", "cityName": "廊坊", "cityEnglishName": "Langfang", "city_zipCode": "131000" },
    { "provinceName": "河北省", "provinceEnglishName": "Hebei", "province_zipCode": "130000", "cityName": "邢台", "cityEnglishName": "Xingtai", "city_zipCode": "130500" },
    { "provinceName": "河北省", "provinceEnglishName": "Hebei", "province_zipCode": "130000", "cityName": "秦皇岛", "cityEnglishName": "Qinhuangdao", "city_zipCode": "130300" },
    { "provinceName": "河北省", "provinceEnglishName": "Hebei", "province_zipCode": "130000", "cityName": "保定", "cityEnglishName": "Baoding", "city_zipCode": "130600" },
    { "provinceName": "河北省", "provinceEnglishName": "Hebei", "province_zipCode": "130000", "cityName": "衡水", "cityEnglishName": "Hengshui", "city_zipCode": "131100" },
    { "provinceName": "河北省", "provinceEnglishName": "Hebei", "province_zipCode": "130000", "cityName": "承德", "cityEnglishName": "Chengde", "city_zipCode": "130800" },
    { "provinceName": "河南省", "provinceEnglishName": "Henan", "province_zipCode": "410000", "cityName": "信阳", "cityEnglishName": "Xinyang", "city_zipCode": "411500" },
    { "provinceName": "河南省", "provinceEnglishName": "Henan", "province_zipCode": "410000", "cityName": "郑州", "cityEnglishName": "Zhengzhou", "city_zipCode": "410100" },
    { "provinceName": "河南省", "provinceEnglishName": "Henan", "province_zipCode": "410000", "cityName": "周口", "cityEnglishName": "Zhoukou", "city_zipCode": "411600" },
    { "provinceName": "河南省", "provinceEnglishName": "Henan", "province_zipCode": "410000", "cityName": "南阳", "cityEnglishName": "Nanyang", "city_zipCode": "411300" },
    { "provinceName": "河南省", "provinceEnglishName": "Henan", "province_zipCode": "410000", "cityName": "驻马店", "cityEnglishName": "Zhumadian", "city_zipCode": "411700" },
    { "provinceName": "河南省", "provinceEnglishName": "Henan", "province_zipCode": "410000", "cityName": "平顶山", "cityEnglishName": "Pingdingshan", "city_zipCode": "410400" },
    { "provinceName": "河南省", "provinceEnglishName": "Henan", "province_zipCode": "410000", "cityName": "安阳", "cityEnglishName": "Anyang", "city_zipCode": "410500" },
    { "provinceName": "河南省", "provinceEnglishName": "Henan", "province_zipCode": "410000", "cityName": "漯河", "cityEnglishName": "Luohe", "city_zipCode": "411100" },
    { "provinceName": "河南省", "provinceEnglishName": "Henan", "province_zipCode": "410000", "cityName": "商丘", "cityEnglishName": "Shangqiu", "city_zipCode": "411400" },
    { "provinceName": "河南省", "provinceEnglishName": "Henan", "province_zipCode": "410000", "cityName": "开封", "cityEnglishName": "Kaifeng", "city_zipCode": "410200" },
    { "provinceName": "河南省", "provinceEnglishName": "Henan", "province_zipCode": "410000", "cityName": "洛阳", "cityEnglishName": "Luoyang", "city_zipCode": "410300" },
    { "provinceName": "河南省", "provinceEnglishName": "Henan", "province_zipCode": "410000", "cityName": "许昌", "cityEnglishName": "Xuchang", "city_zipCode": "411000" },
    { "provinceName": "河南省", "provinceEnglishName": "Henan", "province_zipCode": "410000", "cityName": "濮阳", "cityEnglishName": "Puyang", "city_zipCode": "410900" },
    { "provinceName": "河南省", "provinceEnglishName": "Henan", "province_zipCode": "410000", "cityName": "新乡", "cityEnglishName": "Xinxiang", "city_zipCode": "410700" },
    { "provinceName": "河南省", "provinceEnglishName": "Henan", "province_zipCode": "410000", "cityName": "鹤壁", "cityEnglishName": "Hebi", "city_zipCode": "410600" },
    { "provinceName": "河南省", "provinceEnglishName": "Henan", "province_zipCode": "410000", "cityName": "焦作", "cityEnglishName": "Jiaozuo", "city_zipCode": "410800" },
    { "provinceName": "河南省", "provinceEnglishName": "Henan", "province_zipCode": "410000", "cityName": "济源", "cityEnglishName": "Jiyuan", "city_zipCode": "419001" },
    { "provinceName": "河南省", "provinceEnglishName": "Henan", "province_zipCode": "410000", "cityName": "三门峡", "cityEnglishName": "Sanmenxia", "city_zipCode": "411200" },
    { "provinceName": "河南省", "provinceEnglishName": "Henan", "province_zipCode": "410000", "cityName": "邓州", "city_zipCode": "411381" },
    { "provinceName": "河南省", "provinceEnglishName": "Henan", "province_zipCode": "410000", "cityName": "永城", "city_zipCode": "411481" },
    { "provinceName": "河南省", "provinceEnglishName": "Henan", "province_zipCode": "410000", "cityName": "滑县", "city_zipCode": "410526" },
    { "provinceName": "河南省", "provinceEnglishName": "Henan", "province_zipCode": "410000", "cityName": "长垣县", "city_zipCode": "410728" },
    { "provinceName": "黑龙江省", "provinceEnglishName": "Heilongjiang", "province_zipCode": "230000", "cityName": "哈尔滨", "cityEnglishName": "Harbin", "city_zipCode": "230100" },
    { "provinceName": "黑龙江省", "provinceEnglishName": "Heilongjiang", "province_zipCode": "230000", "cityName": "双鸭山", "cityEnglishName": "Shuangyashan", "city_zipCode": "230500" },
    { "provinceName": "黑龙江省", "provinceEnglishName": "Heilongjiang", "province_zipCode": "230000", "cityName": "鸡西", "cityEnglishName": "Jixi", "city_zipCode": "230300" },
    { "provinceName": "黑龙江省", "provinceEnglishName": "Heilongjiang", "province_zipCode": "230000", "cityName": "齐齐哈尔", "cityEnglishName": "Qiqihar", "city_zipCode": "230200" },
    { "provinceName": "黑龙江省", "provinceEnglishName": "Heilongjiang", "province_zipCode": "230000", "cityName": "大庆", "cityEnglishName": "Daqing", "city_zipCode": "230600" },
    { "provinceName": "黑龙江省", "provinceEnglishName": "Heilongjiang", "province_zipCode": "230000", "cityName": "绥化", "cityEnglishName": "Suihua", "city_zipCode": "231200" },
    { "provinceName": "黑龙江省", "provinceEnglishName": "Heilongjiang", "province_zipCode": "230000", "cityName": "七台河", "cityEnglishName": "Qitaihe", "city_zipCode": "230900" },
    { "provinceName": "黑龙江省", "provinceEnglishName": "Heilongjiang", "province_zipCode": "230000", "cityName": "牡丹江", "cityEnglishName": "Mudanjiang", "city_zipCode": "231000" },
    { "provinceName": "黑龙江省", "provinceEnglishName": "Heilongjiang", "province_zipCode": "230000", "cityName": "黑河", "cityEnglishName": "Heihe", "city_zipCode": "231100" },
    { "provinceName": "黑龙江省", "provinceEnglishName": "Heilongjiang", "province_zipCode": "230000", "cityName": "鹤岗", "cityEnglishName": "Hegang", "city_zipCode": "230400" },
    { "provinceName": "黑龙江省", "provinceEnglishName": "Heilongjiang", "province_zipCode": "230000", "cityName": "伊春", "cityEnglishName": "Yichun", "city_zipCode": "230700" },
    { "provinceName": "黑龙江省", "provinceEnglishName": "Heilongjiang", "province_zipCode": "230000", "cityName": "佳木斯", "cityEnglishName": "Jiamusi", "city_zipCode": "230800" },
    { "provinceName": "黑龙江省", "provinceEnglishName": "Heilongjiang", "province_zipCode": "230000", "cityName": "大兴安岭", "cityEnglishName": "Daxinganling", "city_zipCode": "232700" },
    { "provinceName": "湖北省", "provinceEnglishName": "Hubei", "province_zipCode": "420000", "cityName": "武汉", "cityEnglishName": "Wuhan", "city_zipCode": "420100" },
    { "provinceName": "湖北省", "provinceEnglishName": "Hubei", "province_zipCode": "420000", "cityName": "孝感", "cityEnglishName": "Xiaogan", "city_zipCode": "420900" },
    { "provinceName": "湖北省", "provinceEnglishName": "Hubei", "province_zipCode": "420000", "cityName": "黄冈", "cityEnglishName": "Huanggang", "city_zipCode": "421100" },
    { "provinceName": "湖北省", "provinceEnglishName": "Hubei", "province_zipCode": "420000", "cityName": "鄂州", "cityEnglishName": "Ezhou", "city_zipCode": "420700" },
    { "provinceName": "湖北省", "provinceEnglishName": "Hubei", "province_zipCode": "420000", "cityName": "荆州", "cityEnglishName": "Jingzhou", "city_zipCode": "421000" },
    { "provinceName": "湖北省", "provinceEnglishName": "Hubei", "province_zipCode": "420000", "cityName": "随州", "cityEnglishName": "Suizhou", "city_zipCode": "421300" },
    { "provinceName": "湖北省", "provinceEnglishName": "Hubei", "province_zipCode": "420000", "cityName": "襄阳", "cityEnglishName": "Xiangyang", "city_zipCode": "420600" },
    { "provinceName": "湖北省", "provinceEnglishName": "Hubei", "province_zipCode": "420000", "cityName": "宜昌", "cityEnglishName": "Yichang", "city_zipCode": "420500" },
    { "provinceName": "湖北省", "provinceEnglishName": "Hubei", "province_zipCode": "420000", "cityName": "荆门", "cityEnglishName": "Jingmen", "city_zipCode": "420800" },
    { "provinceName": "湖北省", "provinceEnglishName": "Hubei", "province_zipCode": "420000", "cityName": "黄石", "cityEnglishName": "Huangshi", "city_zipCode": "420200" },
    { "provinceName": "湖北省", "provinceEnglishName": "Hubei", "province_zipCode": "420000", "cityName": "十堰", "cityEnglishName": "Shiyan", "city_zipCode": "420300" },
    { "provinceName": "湖北省", "provinceEnglishName": "Hubei", "province_zipCode": "420000", "cityName": "咸宁", "cityEnglishName": "Xianning", "city_zipCode": "421200" },
    { "provinceName": "湖北省", "provinceEnglishName": "Hubei", "province_zipCode": "420000", "cityName": "仙桃", "cityEnglishName": "Xiantao", "city_zipCode": "429004" },
    { "provinceName": "湖北省", "provinceEnglishName": "Hubei", "province_zipCode": "420000", "cityName": "天门", "cityEnglishName": "Tianmen", "city_zipCode": "429006" },
    { "provinceName": "湖北省", "provinceEnglishName": "Hubei", "province_zipCode": "420000", "cityName": "恩施州", "cityEnglishName": "Enshi Tujia and Miao Autonomous Prefecture", "city_zipCode": "422800" },
    { "provinceName": "湖北省", "provinceEnglishName": "Hubei", "province_zipCode": "420000", "cityName": "潜江", "cityEnglishName": "Qianjiang", "city_zipCode": "429005" },
    { "provinceName": "湖北省", "provinceEnglishName": "Hubei", "province_zipCode": "420000", "cityName": "神农架林区", "cityEnglishName": "Shennongjia", "city_zipCode": "429021" },
    { "provinceName": "湖北省", "provinceEnglishName": "Hubei", "province_zipCode": "420000", "cityName": "恩施州", "cityEnglishName": "Enshi Tujia and Miao Autonomous Prefecture", "city_zipCode": "422801" },
    { "provinceName": "湖南省", "provinceEnglishName": "Hunan", "province_zipCode": "430000", "cityName": "长沙", "cityEnglishName": "Changsha", "city_zipCode": "430100" },
    { "provinceName": "湖南省", "provinceEnglishName": "Hunan", "province_zipCode": "430000", "cityName": "岳阳", "cityEnglishName": "Yueyang", "city_zipCode": "430600" },
    { "provinceName": "湖南省", "provinceEnglishName": "Hunan", "province_zipCode": "430000", "cityName": "株洲", "cityEnglishName": "Zhuzhou", "city_zipCode": "430200" },
    { "provinceName": "湖南省", "provinceEnglishName": "Hunan", "province_zipCode": "430000", "cityName": "娄底", "cityEnglishName": "Loudi", "city_zipCode": "431300" },
    { "provinceName": "湖南省", "provinceEnglishName": "Hunan", "province_zipCode": "430000", "cityName": "常德", "cityEnglishName": "Changde", "city_zipCode": "430700" },
    { "provinceName": "湖南省", "provinceEnglishName": "Hunan", "province_zipCode": "430000", "cityName": "邵阳", "cityEnglishName": "Shaoyang", "city_zipCode": "430500" },
    { "provinceName": "湖南省", "provinceEnglishName": "Hunan", "province_zipCode": "430000", "cityName": "衡阳", "cityEnglishName": "Hengyang", "city_zipCode": "430400" },
    { "provinceName": "湖南省", "provinceEnglishName": "Hunan", "province_zipCode": "430000", "cityName": "郴州", "cityEnglishName": "Chenzhou", "city_zipCode": "431000" },
    { "provinceName": "湖南省", "provinceEnglishName": "Hunan", "province_zipCode": "430000", "cityName": "湘潭", "cityEnglishName": "Xiangtan", "city_zipCode": "430300" },
    { "provinceName": "湖南省", "provinceEnglishName": "Hunan", "province_zipCode": "430000", "cityName": "益阳", "cityEnglishName": "Yiyang", "city_zipCode": "430900" },
    { "provinceName": "湖南省", "provinceEnglishName": "Hunan", "province_zipCode": "430000", "cityName": "永州", "cityEnglishName": "Yongzhou", "city_zipCode": "431100" },
    { "provinceName": "湖南省", "provinceEnglishName": "Hunan", "province_zipCode": "430000", "cityName": "怀化", "cityEnglishName": "Huaihua", "city_zipCode": "431200" },
    { "provinceName": "湖南省", "provinceEnglishName": "Hunan", "province_zipCode": "430000", "cityName": "湘西自治州", "cityEnglishName": "Xiangxi", "city_zipCode": "433100" },
    { "provinceName": "湖南省", "provinceEnglishName": "Hunan", "province_zipCode": "430000", "cityName": "张家界", "cityEnglishName": "Zhangjiajie", "city_zipCode": "430800" },
    { "provinceName": "吉林省", "provinceEnglishName": "Jilin", "province_zipCode": "220000", "cityName": "长春", "cityEnglishName": "Changchun", "city_zipCode": "220100" },
    { "provinceName": "吉林省", "provinceEnglishName": "Jilin", "province_zipCode": "220000", "cityName": "辽源", "cityEnglishName": "Liaoyuan", "city_zipCode": "220400" },
    { "provinceName": "吉林省", "provinceEnglishName": "Jilin", "province_zipCode": "220000", "cityName": "四平市", "cityEnglishName": "Siping", "city_zipCode": "220300" },
    { "provinceName": "吉林省", "provinceEnglishName": "Jilin", "province_zipCode": "220000", "cityName": "通化", "cityEnglishName": "Tonghua", "city_zipCode": "220500" },
    { "provinceName": "吉林省", "provinceEnglishName": "Jilin", "province_zipCode": "220000", "cityName": "公主岭", "cityEnglishName": "Gongzhuling", "city_zipCode": "220381" },
    { "provinceName": "吉林省", "provinceEnglishName": "Jilin", "province_zipCode": "220000", "cityName": "白城", "cityEnglishName": "Baicheng", "city_zipCode": "220800" },
    { "provinceName": "吉林省", "provinceEnglishName": "Jilin", "province_zipCode": "220000", "cityName": "吉林市", "cityEnglishName": "Jilin", "city_zipCode": "220200" },
    { "provinceName": "吉林省", "provinceEnglishName": "Jilin", "province_zipCode": "220000", "cityName": "延边", "cityEnglishName": "Yanbian", "city_zipCode": "222400" },
    { "provinceName": "吉林省", "provinceEnglishName": "Jilin", "province_zipCode": "220000", "cityName": "松原", "cityEnglishName": "Songyuan", "city_zipCode": "220700" },
    { "provinceName": "吉林省", "provinceEnglishName": "Jilin", "province_zipCode": "220000", "cityName": "梅河口", "cityEnglishName": "Meihekou", "city_zipCode": "220581" },
    { "provinceName": "吉林省", "provinceEnglishName": "Jilin", "province_zipCode": "220000", "cityName": "吉林", "city_zipCode": "220000" },
    { "provinceName": "江苏省", "provinceEnglishName": "Jiangsu", "province_zipCode": "320000", "cityName": "南京", "cityEnglishName": "Nanjing", "city_zipCode": "320100" },
    { "provinceName": "江苏省", "provinceEnglishName": "Jiangsu", "province_zipCode": "320000", "cityName": "苏州", "cityEnglishName": "Suzhou", "city_zipCode": "320500" },
    { "provinceName": "江苏省", "provinceEnglishName": "Jiangsu", "province_zipCode": "320000", "cityName": "连云港", "cityEnglishName": "Lianyungang", "city_zipCode": "320700" },
    { "provinceName": "江苏省", "provinceEnglishName": "Jiangsu", "province_zipCode": "320000", "cityName": "淮安", "cityEnglishName": "Huainan", "city_zipCode": "320800" },
    { "provinceName": "江苏省", "provinceEnglishName": "Jiangsu", "province_zipCode": "320000", "cityName": "无锡", "cityEnglishName": "Wuxi", "city_zipCode": "320200" },
    { "provinceName": "江苏省", "provinceEnglishName": "Jiangsu", "province_zipCode": "320000", "cityName": "徐州", "cityEnglishName": "Xuzhou", "city_zipCode": "320300" },
    { "provinceName": "江苏省", "provinceEnglishName": "Jiangsu", "province_zipCode": "320000", "cityName": "常州", "cityEnglishName": "Changzhou", "city_zipCode": "320400" },
    { "provinceName": "江苏省", "provinceEnglishName": "Jiangsu", "province_zipCode": "320000", "cityName": "泰州", "cityEnglishName": "Taizhou", "city_zipCode": "321200" },
    { "provinceName": "江苏省", "provinceEnglishName": "Jiangsu", "province_zipCode": "320000", "cityName": "南通", "cityEnglishName": "Nantong", "city_zipCode": "320600" },
    { "provinceName": "江苏省", "provinceEnglishName": "Jiangsu", "province_zipCode": "320000", "cityName": "扬州", "cityEnglishName": "Yangzhou", "city_zipCode": "321000" },
    { "provinceName": "江苏省", "provinceEnglishName": "Jiangsu", "province_zipCode": "320000", "cityName": "盐城", "cityEnglishName": "Yancheng", "city_zipCode": "320900" },
    { "provinceName": "江苏省", "provinceEnglishName": "Jiangsu", "province_zipCode": "320000", "cityName": "宿迁", "cityEnglishName": "Suqian", "city_zipCode": "321300" },
    { "provinceName": "江苏省", "provinceEnglishName": "Jiangsu", "province_zipCode": "320000", "cityName": "镇江", "cityEnglishName": "Zhenjiang", "city_zipCode": "321100" },
    { "provinceName": "江西省", "provinceEnglishName": "Jiangxi", "province_zipCode": "360000", "cityName": "九江", "cityEnglishName": "Jiujiang", "city_zipCode": "360400" },
    { "provinceName": "江西省", "provinceEnglishName": "Jiangxi", "province_zipCode": "360000", "cityName": "南昌", "cityEnglishName": "Nanchang", "city_zipCode": "360100" },
    { "provinceName": "江西省", "provinceEnglishName": "Jiangxi", "province_zipCode": "360000", "cityName": "上饶", "cityEnglishName": "Shangrao", "city_zipCode": "361100" },
    { "provinceName": "江西省", "provinceEnglishName": "Jiangxi", "province_zipCode": "360000", "cityName": "宜春", "cityEnglishName": "Yichun", "city_zipCode": "360900" },
    { "provinceName": "江西省", "provinceEnglishName": "Jiangxi", "province_zipCode": "360000", "cityName": "赣州", "cityEnglishName": "Ganzhou", "city_zipCode": "360700" },
    { "provinceName": "江西省", "provinceEnglishName": "Jiangxi", "province_zipCode": "360000", "cityName": "新余", "cityEnglishName": "Xinyu", "city_zipCode": "360500" },
    { "provinceName": "江西省", "provinceEnglishName": "Jiangxi", "province_zipCode": "360000", "cityName": "抚州", "cityEnglishName": "Fuzhou", "city_zipCode": "361000" },
    { "provinceName": "江西省", "provinceEnglishName": "Jiangxi", "province_zipCode": "360000", "cityName": "萍乡", "cityEnglishName": "Pingxiang", "city_zipCode": "360300" },
    { "provinceName": "江西省", "provinceEnglishName": "Jiangxi", "province_zipCode": "360000", "cityName": "吉安", "cityEnglishName": "Ji'an", "city_zipCode": "360800" },
    { "provinceName": "江西省", "provinceEnglishName": "Jiangxi", "province_zipCode": "360000", "cityName": "鹰潭", "cityEnglishName": "Yingtan", "city_zipCode": "360600" },
    { "provinceName": "江西省", "provinceEnglishName": "Jiangxi", "province_zipCode": "360000", "cityName": "景德镇", "cityEnglishName": "Jingdezhen", "city_zipCode": "360200" },
    { "provinceName": "辽宁省", "provinceEnglishName": "Liaoning", "province_zipCode": "210000", "cityName": "大连", "cityEnglishName": "Dalian", "city_zipCode": "210200" },
    { "provinceName": "辽宁省", "provinceEnglishName": "Liaoning", "province_zipCode": "210000", "cityName": "葫芦岛", "cityEnglishName": "Huludao", "city_zipCode": "211400" },
    { "provinceName": "辽宁省", "provinceEnglishName": "Liaoning", "province_zipCode": "210000", "cityName": "鞍山", "cityEnglishName": "Anshan", "city_zipCode": "210300" },
    { "provinceName": "辽宁省", "provinceEnglishName": "Liaoning", "province_zipCode": "210000", "cityName": "阜新", "cityEnglishName": "Fuxin", "city_zipCode": "210900" },
    { "provinceName": "辽宁省", "provinceEnglishName": "Liaoning", "province_zipCode": "210000", "cityName": "铁岭", "cityEnglishName": "Tieling", "city_zipCode": "211200" },
    { "provinceName": "辽宁省", "provinceEnglishName": "Liaoning", "province_zipCode": "210000", "cityName": "朝阳", "cityEnglishName": "Chaoyang", "city_zipCode": "211300" },
    { "provinceName": "辽宁省", "provinceEnglishName": "Liaoning", "province_zipCode": "210000", "cityName": "沈阳", "cityEnglishName": "Shenyang", "city_zipCode": "210100" },
    { "provinceName": "辽宁省", "provinceEnglishName": "Liaoning", "province_zipCode": "210000", "cityName": "盘锦", "cityEnglishName": "Panjin", "city_zipCode": "211100" },
    { "provinceName": "辽宁省", "provinceEnglishName": "Liaoning", "province_zipCode": "210000", "cityName": "锦州", "cityEnglishName": "Jinzhou", "city_zipCode": "210700" },
    { "provinceName": "辽宁省", "provinceEnglishName": "Liaoning", "province_zipCode": "210000", "cityName": "丹东", "cityEnglishName": "Dandong", "city_zipCode": "210600" },
    { "provinceName": "辽宁省", "provinceEnglishName": "Liaoning", "province_zipCode": "210000", "cityName": "本溪", "cityEnglishName": "Benxi", "city_zipCode": "210500" },
    { "provinceName": "辽宁省", "provinceEnglishName": "Liaoning", "province_zipCode": "210000", "cityName": "辽阳", "cityEnglishName": "Liaoyang", "city_zipCode": "211000" },
    { "provinceName": "辽宁省", "provinceEnglishName": "Liaoning", "province_zipCode": "210000", "cityName": "营口", "cityEnglishName": "Yingkou", "city_zipCode": "210800" },
    { "provinceName": "内蒙古自治区", "provinceEnglishName": "Neimenggu", "province_zipCode": "150000", "cityName": "锡林郭勒盟", "cityEnglishName": "Linguolexi", "city_zipCode": "152500" },
    { "provinceName": "内蒙古自治区", "provinceEnglishName": "Neimenggu", "province_zipCode": "150000", "cityName": "包头", "cityEnglishName": "Baotou", "city_zipCode": "150200" },
    { "provinceName": "内蒙古自治区", "provinceEnglishName": "Neimenggu", "province_zipCode": "150000", "cityName": "通辽", "cityEnglishName": "Tongliao", "city_zipCode": "150500" },
    { "provinceName": "内蒙古自治区", "provinceEnglishName": "Neimenggu", "province_zipCode": "150000", "cityName": "赤峰", "cityEnglishName": "Chifeng", "city_zipCode": "150400" },
    { "provinceName": "内蒙古自治区", "provinceEnglishName": "Neimenggu", "province_zipCode": "150000", "cityName": "呼和浩特", "cityEnglishName": "Hohhot", "city_zipCode": "150100" },
    { "provinceName": "内蒙古自治区", "provinceEnglishName": "Neimenggu", "province_zipCode": "150000", "cityName": "呼伦贝尔", "cityEnglishName": "Hulunbuir", "city_zipCode": "150700" },
    { "provinceName": "内蒙古自治区", "provinceEnglishName": "Neimenggu", "province_zipCode": "150000", "cityName": "鄂尔多斯", "cityEnglishName": "Ordos", "city_zipCode": "150600" },
    { "provinceName": "内蒙古自治区", "provinceEnglishName": "Neimenggu", "province_zipCode": "150000", "cityName": "巴彦淖尔", "cityEnglishName": "Bayannur", "city_zipCode": "150800" },
    { "provinceName": "内蒙古自治区", "provinceEnglishName": "Neimenggu", "province_zipCode": "150000", "cityName": "乌兰察布", "cityEnglishName": "Ulanqab", "city_zipCode": "150900" },
    { "provinceName": "内蒙古自治区", "provinceEnglishName": "Neimenggu", "province_zipCode": "150000", "cityName": "乌海市", "cityEnglishName": "Wuhai", "city_zipCode": "150300" },
    { "provinceName": "内蒙古自治区", "provinceEnglishName": "Neimenggu", "province_zipCode": "150000", "cityName": "兴安盟", "cityEnglishName": "Xinganmeng", "city_zipCode": "152200" },
    { "provinceName": "宁夏回族自治区", "provinceEnglishName": "Ningxia", "province_zipCode": "640000", "cityName": "吴忠", "cityEnglishName": "Wuzhong", "city_zipCode": "640300" },
    { "provinceName": "宁夏回族自治区", "provinceEnglishName": "Ningxia", "province_zipCode": "640000", "cityName": "银川", "cityEnglishName": "Yinchuan", "city_zipCode": "640100" },
    { "provinceName": "宁夏回族自治区", "provinceEnglishName": "Ningxia", "province_zipCode": "640000", "cityName": "固原", "cityEnglishName": "Guyuan", "city_zipCode": "640400" },
    { "provinceName": "宁夏回族自治区", "provinceEnglishName": "Ningxia", "province_zipCode": "640000", "cityName": "中卫", "cityEnglishName": "Zhongwei", "city_zipCode": "640500" },
    { "provinceName": "宁夏回族自治区", "provinceEnglishName": "Ningxia", "province_zipCode": "640000", "cityName": "石嘴山", "cityEnglishName": "Shizuishan", "city_zipCode": "640200" },
    { "provinceName": "青海省", "provinceEnglishName": "Qinghai", "province_zipCode": "630000", "cityName": "西宁", "cityEnglishName": "Xining", "city_zipCode": "630100" },
    { "provinceName": "青海省", "provinceEnglishName": "Qinghai", "province_zipCode": "630000", "cityName": "海北州", "cityEnglishName": "Haibei", "city_zipCode": "632200" },
    { "provinceName": "山东省", "provinceEnglishName": "Shandong", "province_zipCode": "370000", "cityName": "济宁", "cityEnglishName": "Jining", "city_zipCode": "370800" },
    { "provinceName": "山东省", "provinceEnglishName": "Shandong", "province_zipCode": "370000", "cityName": "烟台", "cityEnglishName": "Yantai", "city_zipCode": "370600" },
    { "provinceName": "山东省", "provinceEnglishName": "Shandong", "province_zipCode": "370000", "cityName": "济南", "cityEnglishName": "Jinan", "city_zipCode": "370100" },
    { "provinceName": "山东省", "provinceEnglishName": "Shandong", "province_zipCode": "370000", "cityName": "青岛", "cityEnglishName": "Qingdao", "city_zipCode": "370200" },
    { "provinceName": "山东省", "provinceEnglishName": "Shandong", "province_zipCode": "370000", "cityName": "潍坊", "cityEnglishName": "Weifang", "city_zipCode": "370700" },
    { "provinceName": "山东省", "provinceEnglishName": "Shandong", "province_zipCode": "370000", "cityName": "德州", "cityEnglishName": "Dezhou", "city_zipCode": "371400" },
    { "provinceName": "山东省", "provinceEnglishName": "Shandong", "province_zipCode": "370000", "cityName": "淄博", "cityEnglishName": "Zibo", "city_zipCode": "370300" },
    { "provinceName": "山东省", "provinceEnglishName": "Shandong", "province_zipCode": "370000", "cityName": "威海", "cityEnglishName": "Weihai", "city_zipCode": "371000" },
    { "provinceName": "山东省", "provinceEnglishName": "Shandong", "province_zipCode": "370000", "cityName": "泰安", "cityEnglishName": "Tai'an", "city_zipCode": "370900" },
    { "provinceName": "山东省", "provinceEnglishName": "Shandong", "province_zipCode": "370000", "cityName": "聊城", "cityEnglishName": "Liaocheng", "city_zipCode": "371500" },
    { "provinceName": "山东省", "provinceEnglishName": "Shandong", "province_zipCode": "370000", "cityName": "日照", "cityEnglishName": "Rizhao", "city_zipCode": "371100" },
    { "provinceName": "山东省", "provinceEnglishName": "Shandong", "province_zipCode": "370000", "cityName": "临沂", "cityEnglishName": "Linyi", "city_zipCode": "371300" },
    { "provinceName": "山东省", "provinceEnglishName": "Shandong", "province_zipCode": "370000", "cityName": "枣庄", "cityEnglishName": "Zaozhuang", "city_zipCode": "370400" },
    { "provinceName": "山东省", "provinceEnglishName": "Shandong", "province_zipCode": "370000", "cityName": "滨州", "cityEnglishName": "Binzhou", "city_zipCode": "371600" },
    { "provinceName": "山东省", "provinceEnglishName": "Shandong", "province_zipCode": "370000", "cityName": "菏泽", "cityEnglishName": "Heze", "city_zipCode": "371700" },
    { "provinceName": "山西省", "provinceEnglishName": "Shanxi", "province_zipCode": "140000", "cityName": "晋中", "cityEnglishName": "Jinzhong", "city_zipCode": "140700" },
    { "provinceName": "山西省", "provinceEnglishName": "Shanxi", "province_zipCode": "140000", "cityName": "太原", "cityEnglishName": "Taiyuan", "city_zipCode": "140100" },
    { "provinceName": "山西省", "provinceEnglishName": "Shanxi", "province_zipCode": "140000", "cityName": "晋城", "cityEnglishName": "Jincheng", "city_zipCode": "140500" },
    { "provinceName": "山西省", "provinceEnglishName": "Shanxi", "province_zipCode": "140000", "cityName": "大同", "cityEnglishName": "Datong", "city_zipCode": "140200" },
    { "provinceName": "山西省", "provinceEnglishName": "Shanxi", "province_zipCode": "140000", "cityName": "长治", "cityEnglishName": "Changzhi", "city_zipCode": "140400" },
    { "provinceName": "山西省", "provinceEnglishName": "Shanxi", "province_zipCode": "140000", "cityName": "朔州", "cityEnglishName": "Shuozhou", "city_zipCode": "140600" },
    { "provinceName": "山西省", "provinceEnglishName": "Shanxi", "province_zipCode": "140000", "cityName": "忻州", "cityEnglishName": "Xinzhou", "city_zipCode": "140900" },
    { "provinceName": "山西省", "provinceEnglishName": "Shanxi", "province_zipCode": "140000", "cityName": "运城", "cityEnglishName": "Yuncheng", "city_zipCode": "140800" },
    { "provinceName": "山西省", "provinceEnglishName": "Shanxi", "province_zipCode": "140000", "cityName": "吕梁", "cityEnglishName": "Lüliang", "city_zipCode": "141100" },
    { "provinceName": "山西省", "provinceEnglishName": "Shanxi", "province_zipCode": "140000", "cityName": "阳泉", "cityEnglishName": "Yangquan", "city_zipCode": "140300" },
    { "provinceName": "山西省", "provinceEnglishName": "Shanxi", "province_zipCode": "140000", "cityName": "临汾", "cityEnglishName": "Linfen", "city_zipCode": "141000" },
    { "provinceName": "陕西省", "provinceEnglishName": "Shaanxi", "province_zipCode": "610000", "cityName": "西安", "cityEnglishName": "Xi'an", "city_zipCode": "610100" },
    { "provinceName": "陕西省", "provinceEnglishName": "Shaanxi", "province_zipCode": "610000", "cityName": "汉中", "cityEnglishName": "Hanzhong", "city_zipCode": "610700" },
    { "provinceName": "陕西省", "provinceEnglishName": "Shaanxi", "province_zipCode": "610000", "cityName": "安康", "cityEnglishName": "Ankang", "city_zipCode": "610900" },
    { "provinceName": "陕西省", "provinceEnglishName": "Shaanxi", "province_zipCode": "610000", "cityName": "渭南", "cityEnglishName": "Weinan", "city_zipCode": "610500" },
    { "provinceName": "陕西省", "provinceEnglishName": "Shaanxi", "province_zipCode": "610000", "cityName": "铜川", "cityEnglishName": "Tongchuan", "city_zipCode": "610200" },
    { "provinceName": "陕西省", "provinceEnglishName": "Shaanxi", "province_zipCode": "610000", "cityName": "商洛", "cityEnglishName": "Shangluo", "city_zipCode": "611000" },
    { "provinceName": "陕西省", "provinceEnglishName": "Shaanxi", "province_zipCode": "610000", "cityName": "咸阳", "cityEnglishName": "Xianyang", "city_zipCode": "610400" },
    { "provinceName": "陕西省", "provinceEnglishName": "Shaanxi", "province_zipCode": "610000", "cityName": "宝鸡", "cityEnglishName": "Baoji", "city_zipCode": "610300" },
    { "provinceName": "陕西省", "provinceEnglishName": "Shaanxi", "province_zipCode": "610000", "cityName": "延安", "cityEnglishName": "Yan'an", "city_zipCode": "610600" },
    { "provinceName": "陕西省", "provinceEnglishName": "Shaanxi", "province_zipCode": "610000", "cityName": "榆林", "cityEnglishName": "Yulin", "city_zipCode": "610800" },
    { "provinceName": "陕西省", "provinceEnglishName": "Shaanxi", "province_zipCode": "610000", "cityName": "韩城", "cityEnglishName": "Hancheng", "city_zipCode": "610581" },
    { "provinceName": "上海市", "provinceEnglishName": "Shanghai", "province_zipCode": "310000", "cityName": "浦东新区", "cityEnglishName": "Pudong District", "city_zipCode": "310115" },
    { "provinceName": "上海市", "provinceEnglishName": "Shanghai", "province_zipCode": "310000", "cityName": "宝山区", "cityEnglishName": "Baoshan District", "city_zipCode": "310113" },
    { "provinceName": "上海市", "provinceEnglishName": "Shanghai", "province_zipCode": "310000", "cityName": "静安区", "cityEnglishName": "Jing'an District", "city_zipCode": "310106" },
    { "provinceName": "上海市", "provinceEnglishName": "Shanghai", "province_zipCode": "310000", "cityName": "徐汇区", "cityEnglishName": "Xuhui District", "city_zipCode": "310104" },
    { "provinceName": "上海市", "provinceEnglishName": "Shanghai", "province_zipCode": "310000", "cityName": "松江区", "cityEnglishName": "Songjiang District", "city_zipCode": "310117" },
    { "provinceName": "上海市", "provinceEnglishName": "Shanghai", "province_zipCode": "310000", "cityName": "嘉定区", "cityEnglishName": "Jiading District", "city_zipCode": "310114" },
    { "provinceName": "上海市", "provinceEnglishName": "Shanghai", "province_zipCode": "310000", "cityName": "闵行区", "cityEnglishName": "Minhang District", "city_zipCode": "310112" },
    { "provinceName": "上海市", "provinceEnglishName": "Shanghai", "province_zipCode": "310000", "cityName": "普陀区", "cityEnglishName": "Putuo District", "city_zipCode": "310107" },
    { "provinceName": "上海市", "provinceEnglishName": "Shanghai", "province_zipCode": "310000", "cityName": "杨浦区", "cityEnglishName": "Yangpu District", "city_zipCode": "310110" },
    { "provinceName": "上海市", "provinceEnglishName": "Shanghai", "province_zipCode": "310000", "cityName": "奉贤区", "cityEnglishName": "Fengxian District", "city_zipCode": "310120" },
    { "provinceName": "上海市", "provinceEnglishName": "Shanghai", "province_zipCode": "310000", "cityName": "虹口区", "cityEnglishName": "Hongkou District", "city_zipCode": "310109" },
    { "provinceName": "上海市", "provinceEnglishName": "Shanghai", "province_zipCode": "310000", "cityName": "黄浦区", "cityEnglishName": "Huangpu District", "city_zipCode": "310101" },
    { "provinceName": "上海市", "provinceEnglishName": "Shanghai", "province_zipCode": "310000", "cityName": "崇明区", "cityEnglishName": "Chongming District", "city_zipCode": "310151" },
    { "provinceName": "上海市", "provinceEnglishName": "Shanghai", "province_zipCode": "310000", "cityName": "长宁区", "cityEnglishName": "Changning District", "city_zipCode": "310105" },
    { "provinceName": "上海市", "provinceEnglishName": "Shanghai", "province_zipCode": "310000", "cityName": "青浦区", "cityEnglishName": "Qingpu District", "city_zipCode": "310118" },
    { "provinceName": "上海市", "provinceEnglishName": "Shanghai", "province_zipCode": "310000", "cityName": "金山区", "cityEnglishName": "Jinshan District", "city_zipCode": "310116" },
    { "provinceName": "上海市", "provinceEnglishName": "Shanghai", "province_zipCode": "310000", "cityName": "未知地区" },
    { "provinceName": "四川省", "provinceEnglishName": "Sichuan", "province_zipCode": "510000", "cityName": "成都", "cityEnglishName": "Chengdu", "city_zipCode": "510100" },
    { "provinceName": "四川省", "provinceEnglishName": "Sichuan", "province_zipCode": "510000", "cityName": "甘孜州", "cityEnglishName": "Garzê Tibetan Autonomous Prefecture", "city_zipCode": "513300" },
    { "provinceName": "四川省", "provinceEnglishName": "Sichuan", "province_zipCode": "510000", "cityName": "达州", "cityEnglishName": "Dazhou", "city_zipCode": "511700" },
    { "provinceName": "四川省", "provinceEnglishName": "Sichuan", "province_zipCode": "510000", "cityName": "南充", "cityEnglishName": "Nanchong", "city_zipCode": "511300" },
    { "provinceName": "四川省", "provinceEnglishName": "Sichuan", "province_zipCode": "510000", "cityName": "巴中", "cityEnglishName": "Bazhong", "city_zipCode": "511900" },
    { "provinceName": "四川省", "provinceEnglishName": "Sichuan", "province_zipCode": "510000", "cityName": "泸州", "cityEnglishName": "Luzhou", "city_zipCode": "510500" },
    { "provinceName": "四川省", "provinceEnglishName": "Sichuan", "province_zipCode": "510000", "cityName": "广安", "cityEnglishName": "Guang'an", "city_zipCode": "511600" },
    { "provinceName": "四川省", "provinceEnglishName": "Sichuan", "province_zipCode": "510000", "cityName": "内江", "cityEnglishName": "Neijiang", "city_zipCode": "511000" },
    { "provinceName": "四川省", "provinceEnglishName": "Sichuan", "province_zipCode": "510000", "cityName": "德阳", "cityEnglishName": "Deyang", "city_zipCode": "510600" },
    { "provinceName": "四川省", "provinceEnglishName": "Sichuan", "province_zipCode": "510000", "cityName": "绵阳", "cityEnglishName": "Mianyang", "city_zipCode": "510700" },
    { "provinceName": "四川省", "provinceEnglishName": "Sichuan", "province_zipCode": "510000", "cityName": "遂宁", "cityEnglishName": "Suining", "city_zipCode": "510900" },
    { "provinceName": "四川省", "provinceEnglishName": "Sichuan", "province_zipCode": "510000", "cityName": "凉山州", "cityEnglishName": "Liangshan Yi Autonomous Prefecture", "city_zipCode": "513400" },
    { "provinceName": "四川省", "provinceEnglishName": "Sichuan", "province_zipCode": "510000", "cityName": "宜宾", "cityEnglishName": "Yibin", "city_zipCode": "511500" },
    { "provinceName": "四川省", "provinceEnglishName": "Sichuan", "province_zipCode": "510000", "cityName": "眉山", "cityEnglishName": "Meishan", "city_zipCode": "511400" },
    { "provinceName": "四川省", "provinceEnglishName": "Sichuan", "province_zipCode": "510000", "cityName": "资阳", "cityEnglishName": "Ziyang", "city_zipCode": "512000" },
    { "provinceName": "四川省", "provinceEnglishName": "Sichuan", "province_zipCode": "510000", "cityName": "自贡", "cityEnglishName": "Zigong", "city_zipCode": "510300" },
    { "provinceName": "四川省", "provinceEnglishName": "Sichuan", "province_zipCode": "510000", "cityName": "雅安", "cityEnglishName": "Ya'an", "city_zipCode": "511800" },
    { "provinceName": "四川省", "provinceEnglishName": "Sichuan", "province_zipCode": "510000", "cityName": "攀枝花", "cityEnglishName": "Panzhihua", "city_zipCode": "510400" },
    { "provinceName": "四川省", "provinceEnglishName": "Sichuan", "province_zipCode": "510000", "cityName": "广元", "cityEnglishName": "Guangyuan", "city_zipCode": "510800" },
    { "provinceName": "四川省", "provinceEnglishName": "Sichuan", "province_zipCode": "510000", "cityName": "乐山", "cityEnglishName": "Leshan", "city_zipCode": "511100" },
    { "provinceName": "四川省", "provinceEnglishName": "Sichuan", "province_zipCode": "510000", "cityName": "阿坝州", "cityEnglishName": "Ngawa Tibetan and Qiang Autonomous Prefecture", "city_zipCode": "513200" },
    { "provinceName": "天津市", "provinceEnglishName": "Tianjin", "province_zipCode": "120000", "cityName": "宝坻区", "cityEnglishName": "Baodi District", "city_zipCode": "120115" },
    { "provinceName": "天津市", "provinceEnglishName": "Tianjin", "province_zipCode": "120000", "cityName": "南开区", "cityEnglishName": "Nankai District", "city_zipCode": "120104" },
    { "provinceName": "天津市", "provinceEnglishName": "Tianjin", "province_zipCode": "120000", "cityName": "河东区", "cityEnglishName": "Hedong District", "city_zipCode": "120102" },
    { "provinceName": "天津市", "provinceEnglishName": "Tianjin", "province_zipCode": "120000", "cityName": "北辰区", "cityEnglishName": "Beichen District", "city_zipCode": "120113" },
    { "provinceName": "天津市", "provinceEnglishName": "Tianjin", "province_zipCode": "120000", "cityName": "宁河区", "cityEnglishName": "Ninghe District", "city_zipCode": "120117" },
    { "provinceName": "天津市", "provinceEnglishName": "Tianjin", "province_zipCode": "120000", "cityName": "河北区", "cityEnglishName": "Hebei District", "city_zipCode": "120105" },
    { "provinceName": "天津市", "provinceEnglishName": "Tianjin", "province_zipCode": "120000", "cityName": "和平区", "cityEnglishName": "Heping District", "city_zipCode": "120101" },
    { "provinceName": "天津市", "provinceEnglishName": "Tianjin", "province_zipCode": "120000", "cityName": "东丽区", "cityEnglishName": "Dongli District", "city_zipCode": "120110" },
    { "provinceName": "天津市", "provinceEnglishName": "Tianjin", "province_zipCode": "120000", "cityName": "河西区", "cityEnglishName": "Hexi District", "city_zipCode": "120103" },
    { "provinceName": "天津市", "provinceEnglishName": "Tianjin", "province_zipCode": "120000", "cityName": "西青区", "cityEnglishName": "Xiqing District", "city_zipCode": "120111" },
    { "provinceName": "天津市", "provinceEnglishName": "Tianjin", "province_zipCode": "120000", "cityName": "滨海新区", "cityEnglishName": "Binhai New Area", "city_zipCode": "120116" },
    { "provinceName": "天津市", "provinceEnglishName": "Tianjin", "province_zipCode": "120000", "cityName": "武清区", "cityEnglishName": "Wuqing District", "city_zipCode": "120114" },
    { "provinceName": "天津市", "provinceEnglishName": "Tianjin", "province_zipCode": "120000", "cityName": "红桥区", "cityEnglishName": "Hongqiao District", "city_zipCode": "120106" },
    { "provinceName": "天津市", "provinceEnglishName": "Tianjin", "province_zipCode": "120000", "cityName": "津南区", "cityEnglishName": "Jinnan District", "city_zipCode": "120112" },
    { "provinceName": "西藏自治区", "provinceEnglishName": "Xizang", "province_zipCode": "540000", "cityName": "拉萨", "cityEnglishName": "Lhasa", "city_zipCode": "540100" },
    { "provinceName": "新疆维吾尔自治区", "provinceEnglishName": "Xinjiang", "province_zipCode": "650000", "cityName": "伊犁州", "cityEnglishName": "Yili", "city_zipCode": "654000" },
    { "provinceName": "新疆维吾尔自治区", "provinceEnglishName": "Xinjiang", "province_zipCode": "650000", "cityName": "乌鲁木齐", "cityEnglishName": "Urumqi", "city_zipCode": "650100" },
    { "provinceName": "新疆维吾尔自治区", "provinceEnglishName": "Xinjiang", "province_zipCode": "650000", "cityName": "吐鲁番市", "cityEnglishName": "Turpan", "city_zipCode": "650400" },
    { "provinceName": "新疆维吾尔自治区", "provinceEnglishName": "Xinjiang", "province_zipCode": "650000", "cityName": "巴州", "cityEnglishName": "Bayingolin Mongol Autonomous Prefecture", "city_zipCode": "511902" },
    { "provinceName": "新疆维吾尔自治区", "provinceEnglishName": "Xinjiang", "province_zipCode": "650000", "cityName": "阿克苏地区", "cityEnglishName": "Akesu", "city_zipCode": "652900" },
    { "provinceName": "新疆维吾尔自治区", "provinceEnglishName": "Xinjiang", "province_zipCode": "650000", "cityName": "昌吉", "city_zipCode": "652301" },
    { "provinceName": "新疆维吾尔自治区", "provinceEnglishName": "Xinjiang", "province_zipCode": "650000", "cityName": "阿克苏", "city_zipCode": "652901" },
    { "provinceName": "新疆维吾尔自治区", "provinceEnglishName": "Xinjiang", "province_zipCode": "650000", "cityName": "塔城", "cityEnglishName": "Tacheng", "city_zipCode": "654201" },
    { "provinceName": "新疆维吾尔自治区", "provinceEnglishName": "Xinjiang", "province_zipCode": "650000", "cityName": "石河子", "city_zipCode": "659001" },
    { "provinceName": "新疆维吾尔自治区", "provinceEnglishName": "Xinjiang", "province_zipCode": "650000", "cityName": "五家渠", "city_zipCode": "659004" },
    { "provinceName": "云南省", "provinceEnglishName": "Yunnan", "province_zipCode": "530000", "cityName": "昆明", "cityEnglishName": "Kunming", "city_zipCode": "530100" },
    { "provinceName": "云南省", "provinceEnglishName": "Yunnan", "province_zipCode": "530000", "cityName": "昭通", "cityEnglishName": "Zhaotong", "city_zipCode": "530600" },
    { "provinceName": "云南省", "provinceEnglishName": "Yunnan", "province_zipCode": "530000", "cityName": "曲靖", "cityEnglishName": "Qujing", "city_zipCode": "530300" },
    { "provinceName": "云南省", "provinceEnglishName": "Yunnan", "province_zipCode": "530000", "cityName": "西双版纳", "cityEnglishName": "Xishuangbanna", "city_zipCode": "532800" },
    { "provinceName": "云南省", "provinceEnglishName": "Yunnan", "province_zipCode": "530000", "cityName": "保山", "cityEnglishName": "Baoshan", "city_zipCode": "530500" },
    { "provinceName": "云南省", "provinceEnglishName": "Yunnan", "province_zipCode": "530000", "cityName": "玉溪", "cityEnglishName": "Yuxi", "city_zipCode": "530400" },
    { "provinceName": "云南省", "provinceEnglishName": "Yunnan", "province_zipCode": "530000", "cityName": "丽江", "cityEnglishName": "Lijiang", "city_zipCode": "530700" },
    { "provinceName": "云南省", "provinceEnglishName": "Yunnan", "province_zipCode": "530000", "cityName": "普洱", "cityEnglishName": "Pu'er", "city_zipCode": "530800" },
    { "provinceName": "云南省", "provinceEnglishName": "Yunnan", "province_zipCode": "530000", "cityName": "临沧", "cityEnglishName": "Lincang", "city_zipCode": "530900" },
    { "provinceName": "云南省", "provinceEnglishName": "Yunnan", "province_zipCode": "530000", "cityName": "大理", "city_zipCode": "532901" },
    { "provinceName": "云南省", "provinceEnglishName": "Yunnan", "province_zipCode": "530000", "cityName": "红河", "city_zipCode": "532500" },
    { "provinceName": "云南省", "provinceEnglishName": "Yunnan", "province_zipCode": "530000", "cityName": "德宏", "city_zipCode": "533100" },
    { "provinceName": "云南省", "provinceEnglishName": "Yunnan", "province_zipCode": "530000", "cityName": "楚雄", "city_zipCode": "532301" },
    { "provinceName": "云南省", "provinceEnglishName": "Yunnan", "province_zipCode": "530000", "cityName": "文山", "city_zipCode": "532601" },
    { "provinceName": "浙江省", "provinceEnglishName": "Zhejiang", "province_zipCode": "330000", "cityName": "温州", "cityEnglishName": "Wenzhou", "city_zipCode": "330300" },
    { "provinceName": "浙江省", "provinceEnglishName": "Zhejiang", "province_zipCode": "330000", "cityName": "台州", "cityEnglishName": "Taizhou", "city_zipCode": "331000" },
    { "provinceName": "浙江省", "provinceEnglishName": "Zhejiang", "province_zipCode": "330000", "cityName": "宁波", "cityEnglishName": "Ningbo", "city_zipCode": "330200" },
    { "provinceName": "浙江省", "provinceEnglishName": "Zhejiang", "province_zipCode": "330000", "cityName": "杭州", "cityEnglishName": "Hangzhou", "city_zipCode": "330100" },
    { "provinceName": "浙江省", "provinceEnglishName": "Zhejiang", "province_zipCode": "330000", "cityName": "嘉兴", "cityEnglishName": "Jiaxing", "city_zipCode": "330400" },
    { "provinceName": "浙江省", "provinceEnglishName": "Zhejiang", "province_zipCode": "330000", "cityName": "金华", "cityEnglishName": "Jinhua", "city_zipCode": "330700" },
    { "provinceName": "浙江省", "provinceEnglishName": "Zhejiang", "province_zipCode": "330000", "cityName": "绍兴", "cityEnglishName": "Shaoxing", "city_zipCode": "330600" },
    { "provinceName": "浙江省", "provinceEnglishName": "Zhejiang", "province_zipCode": "330000", "cityName": "舟山", "cityEnglishName": "Zhoushan", "city_zipCode": "330900" },
    { "provinceName": "浙江省", "provinceEnglishName": "Zhejiang", "province_zipCode": "330000", "cityName": "衢州", "cityEnglishName": "Quzhou", "city_zipCode": "330800" },
    { "provinceName": "浙江省", "provinceEnglishName": "Zhejiang", "province_zipCode": "330000", "cityName": "丽水", "cityEnglishName": "Lishui", "city_zipCode": "331100" },
    { "provinceName": "浙江省", "provinceEnglishName": "Zhejiang", "province_zipCode": "330000", "cityName": "湖州", "cityEnglishName": "Huzhou", "city_zipCode": "330500" },
    { "provinceName": "重庆市", "provinceEnglishName": "Chongqing", "province_zipCode": "500000", "cityName": "万州区", "cityEnglishName": "Wanzhou District", "city_zipCode": "500101" },
    { "provinceName": "重庆市", "provinceEnglishName": "Chongqing", "province_zipCode": "500000", "cityName": "江北区", "cityEnglishName": "Jiangbei District", "city_zipCode": "500105" },
    { "provinceName": "重庆市", "provinceEnglishName": "Chongqing", "province_zipCode": "500000", "cityName": "潼南区", "cityEnglishName": "Tongnan District", "city_zipCode": "500152" },
    { "provinceName": "重庆市", "provinceEnglishName": "Chongqing", "province_zipCode": "500000", "cityName": "綦江区", "cityEnglishName": "Qijiang District", "city_zipCode": "500110" },
    { "provinceName": "重庆市", "provinceEnglishName": "Chongqing", "province_zipCode": "500000", "cityName": "垫江县", "cityEnglishName": "Dianjiang County", "city_zipCode": "500231" },
    { "provinceName": "重庆市", "provinceEnglishName": "Chongqing", "province_zipCode": "500000", "cityName": "长寿区", "cityEnglishName": "Changshou District", "city_zipCode": "500115" },
    { "provinceName": "重庆市", "provinceEnglishName": "Chongqing", "province_zipCode": "500000", "cityName": "奉节县", "cityEnglishName": "Fengjie County", "city_zipCode": "500236" },
    { "provinceName": "重庆市", "provinceEnglishName": "Chongqing", "province_zipCode": "500000", "cityName": "合川区", "cityEnglishName": "Hechuan District", "city_zipCode": "500117" },
    { "provinceName": "重庆市", "provinceEnglishName": "Chongqing", "province_zipCode": "500000", "cityName": "九龙坡区", "cityEnglishName": "Jiulongpo District", "city_zipCode": "500107" },
    { "provinceName": "重庆市", "provinceEnglishName": "Chongqing", "province_zipCode": "500000", "cityName": "南岸区", "cityEnglishName": "Nan'an District", "city_zipCode": "500108" },
    { "provinceName": "重庆市", "provinceEnglishName": "Chongqing", "province_zipCode": "500000", "cityName": "沙坪坝区", "cityEnglishName": "Shapingba District", "city_zipCode": "500106" },
    { "provinceName": "重庆市", "provinceEnglishName": "Chongqing", "province_zipCode": "500000", "cityName": "渝北区", "cityEnglishName": "Yubei District", "city_zipCode": "500112" },
    { "provinceName": "重庆市", "provinceEnglishName": "Chongqing", "province_zipCode": "500000", "cityName": "铜梁区", "cityEnglishName": "Tongliang District", "city_zipCode": "500151" },
    { "provinceName": "重庆市", "provinceEnglishName": "Chongqing", "province_zipCode": "500000", "cityName": "丰都县", "cityEnglishName": "Fengdu County", "city_zipCode": "500230" },
    { "provinceName": "重庆市", "provinceEnglishName": "Chongqing", "province_zipCode": "500000", "cityName": "云阳县", "cityEnglishName": "Yunyang County", "city_zipCode": "500235" },
    { "provinceName": "重庆市", "provinceEnglishName": "Chongqing", "province_zipCode": "500000", "cityName": "渝中区", "cityEnglishName": "Yuzhong District", "city_zipCode": "500103" },
    { "provinceName": "重庆市", "provinceEnglishName": "Chongqing", "province_zipCode": "500000", "cityName": "石柱县", "cityEnglishName": "Shizhu Tujia Autonomous County", "city_zipCode": "500240" },
    { "provinceName": "重庆市", "provinceEnglishName": "Chongqing", "province_zipCode": "500000", "cityName": "大足区", "cityEnglishName": "Dazu District", "city_zipCode": "500111" },
    { "provinceName": "重庆市", "provinceEnglishName": "Chongqing", "province_zipCode": "500000", "cityName": "忠县", "cityEnglishName": "Zhong County", "city_zipCode": "500233" },
    { "provinceName": "重庆市", "provinceEnglishName": "Chongqing", "province_zipCode": "500000", "cityName": "巫溪县", "cityEnglishName": "Wuxi County", "city_zipCode": "500238" },
    { "provinceName": "重庆市", "provinceEnglishName": "Chongqing", "province_zipCode": "500000", "cityName": "荣昌区", "cityEnglishName": "Rongchang District", "city_zipCode": "500153" },
    { "provinceName": "重庆市", "provinceEnglishName": "Chongqing", "province_zipCode": "500000", "cityName": "巴南区", "cityEnglishName": "Banan District", "city_zipCode": "500113" },
    { "provinceName": "重庆市", "provinceEnglishName": "Chongqing", "province_zipCode": "500000", "cityName": "涪陵区", "cityEnglishName": "Fuling District", "city_zipCode": "500102" },
    { "provinceName": "重庆市", "provinceEnglishName": "Chongqing", "province_zipCode": "500000", "cityName": "开州区", "cityEnglishName": "Kaizhou District", "city_zipCode": "500154" },
    { "provinceName": "重庆市", "provinceEnglishName": "Chongqing", "province_zipCode": "500000", "cityName": "巫山县", "cityEnglishName": "Wushan County", "city_zipCode": "500237" },
    { "provinceName": "重庆市", "provinceEnglishName": "Chongqing", "province_zipCode": "500000", "cityName": "彭水县", "cityEnglishName": "Pengshui Miao and Tujia Autonomous County", "city_zipCode": "500243" },
    { "provinceName": "重庆市", "provinceEnglishName": "Chongqing", "province_zipCode": "500000", "cityName": "璧山区", "cityEnglishName": "Bishan District", "city_zipCode": "500120" },
    { "provinceName": "重庆市", "provinceEnglishName": "Chongqing", "province_zipCode": "500000", "cityName": "大渡口区", "cityEnglishName": "Dadukou District", "city_zipCode": "500104" },
    { "provinceName": "重庆市", "provinceEnglishName": "Chongqing", "province_zipCode": "500000", "cityName": "酉阳", "city_zipCode": "500242" },
    { "provinceName": "重庆市", "provinceEnglishName": "Chongqing", "province_zipCode": "500000", "cityName": "永川区", "cityEnglishName": "Yongchuan District", "city_zipCode": "500118" },
    { "provinceName": "重庆市", "provinceEnglishName": "Chongqing", "province_zipCode": "500000", "cityName": "江津区", "cityEnglishName": "Jiangjin District", "city_zipCode": "500116" },
    { "provinceName": "重庆市", "provinceEnglishName": "Chongqing", "province_zipCode": "500000", "cityName": "梁平区", "cityEnglishName": "Liangping District", "city_zipCode": "500155" },
    { "provinceName": "重庆市", "provinceEnglishName": "Chongqing", "province_zipCode": "500000", "cityName": "黔江区", "cityEnglishName": "Qianjiang Tujia and Miao Autonomous County", "city_zipCode": "500114" },
    { "provinceName": "重庆市", "provinceEnglishName": "Chongqing", "province_zipCode": "500000", "cityName": "城口县", "cityEnglishName": "Chengkou County", "city_zipCode": "500229" },
    { "provinceName": "重庆市", "provinceEnglishName": "Chongqing", "province_zipCode": "500000", "cityName": "武隆区", "cityEnglishName": "Wulong District", "city_zipCode": "500156" },
    { "provinceName": "重庆市", "provinceEnglishName": "Chongqing", "province_zipCode": "500000", "cityName": "秀山县", "cityEnglishName": "Xiushan Tujia and Miao Autonomous County", "city_zipCode": "500241" }
]